Student_ID,Hours_Studied,Attendance,Previous_GPA,Sleep_Hours,Coding_Experience,Course_Type,Projects_Completed,Exam_Score,Expected_Score,Performance_Gap,Pass_Status,Performance_Level,Sleep_Group,Attendance_Group,Project_Group
1,9.5,96.3,2.23,7.4,Intermediate,Cloud,6,88.8,86.7,2.1,Pass,High Performer,7 to <8,90%+,4-7
2,5.8,82.9,3.11,6.9,Beginner,Cloud,4,68.3,70.6,-2.3,Pass,Satisfactory,6 to <7,80-89%,4-7
3,10.4,87.8,3.37,7.2,Intermediate,Cloud,11,100.0,97.8,2.2,Pass,High Performer,7 to <8,80-89%,8-11
4,8.7,81.4,3.19,7.7,Intermediate,Data Science,7,95.2,86.6,8.6,Pass,High Performer,7 to <8,80-89%,4-7
5,2.0,80.3,3.32,5.9,Beginner,Data Science,6,52.3,57.1,-4.8,Fail,Needs Support,Below 6,80-89%,4-7
6,11.7,74.2,2.3,7.8,Intermediate,Data Science,5,92.4,90.5,1.9,Pass,High Performer,7 to <8,70-79%,4-7
7,9.4,86.3,3.17,5.3,Beginner,Data Science,10,94.2,86.3,7.9,Pass,High Performer,Below 6,80-89%,8-11
8,9.6,73.5,2.85,7.2,Beginner,Web Dev,12,78.2,88.0,-9.8,Pass,Satisfactory,7 to <8,70-79%,12-14
9,2.4,88.7,2.76,7.0,Beginner,Cloud,2,55.7,55.6,0.1,Fail,Needs Support,7 to <8,80-89%,0-3
10,6.0,92.9,3.44,6.1,Intermediate,Data Science,8,70.6,80.1,-9.5,Pass,Satisfactory,6 to <7,90%+,8-11
11,5.1,85.7,3.74,6.8,Advanced,Cloud,7,70.8,79.1,-8.3,Pass,Satisfactory,6 to <7,80-89%,4-7
12,11.2,79.1,3.9,6.1,Beginner,AI/ML,5,88.4,93.2,-4.8,Pass,High Performer,6 to <7,70-79%,4-7
13,8.1,86.5,3.66,5.6,Intermediate,Web Dev,4,88.6,84.6,4.0,Pass,High Performer,Below 6,80-89%,4-7
14,10.1,78.9,2.95,6.4,Intermediate,AI/ML,6,85.5,88.2,-2.7,Pass,High Performer,6 to <7,70-79%,4-7
15,5.9,91.4,3.18,5.6,Beginner,AI/ML,4,64.2,69.7,-5.5,Pass,Satisfactory,Below 6,90%+,4-7
16,3.5,63.7,3.38,7.2,Intermediate,AI/ML,5,62.6,62.2,0.4,Pass,Satisfactory,7 to <8,Below 70%,4-7
17,7.1,78.6,3.06,5.5,Intermediate,AI/ML,6,65.4,75.1,-9.7,Pass,Satisfactory,Below 6,70-79%,4-7
18,1.7,62.1,3.07,7.6,Advanced,Web Dev,4,60.6,56.9,3.7,Pass,Satisfactory,7 to <8,Below 70%,4-7
19,10.1,67.0,3.41,5.5,Advanced,Data Science,3,97.8,88.2,9.6,Pass,High Performer,Below 6,Below 70%,0-3
20,7.9,95.6,2.97,6.2,Beginner,AI/ML,7,79.8,80.4,-0.6,Pass,Satisfactory,6 to <7,90%+,4-7
21,9.3,91.0,2.64,6.1,Beginner,Cloud,7,82.3,84.0,-1.7,Pass,High Performer,6 to <7,90%+,4-7
22,4.9,74.8,2.79,8.3,Intermediate,Web Dev,2,67.9,64.7,3.2,Pass,Satisfactory,8+,70-79%,0-3
23,11.7,67.0,3.32,7.2,Beginner,AI/ML,5,73.4,90.7,-17.3,Pass,Satisfactory,7 to <8,Below 70%,4-7
24,10.8,55.0,3.0,6.6,Beginner,AI/ML,4,87.1,82.5,4.6,Pass,High Performer,6 to <7,Below 70%,4-7
25,9.6,76.6,3.17,7.3,Advanced,Data Science,3,100.0,89.4,10.6,Pass,High Performer,7 to <8,70-79%,0-3
26,3.1,100.0,3.34,4.5,Beginner,AI/ML,4,55.5,56.6,-1.1,Fail,Needs Support,Below 6,90%+,4-7
27,6.1,86.3,2.81,6.8,Intermediate,Data Science,7,75.2,76.2,-1.0,Pass,Satisfactory,6 to <7,80-89%,4-7
28,1.5,76.4,3.38,9.0,Advanced,Cloud,2,60.3,54.0,6.3,Pass,Satisfactory,8+,70-79%,0-3
29,2.7,86.7,3.19,6.9,Beginner,AI/ML,7,74.8,60.9,13.9,Pass,Satisfactory,6 to <7,80-89%,4-7
30,8.5,66.4,2.38,6.9,Intermediate,Data Science,6,87.0,78.7,8.3,Pass,High Performer,6 to <7,Below 70%,4-7
31,9.2,79.0,3.72,7.4,Advanced,Web Dev,6,75.2,93.5,-18.3,Pass,Satisfactory,7 to <8,70-79%,4-7
32,11.6,83.0,2.75,7.8,Intermediate,Web Dev,3,98.2,93.4,4.8,Pass,High Performer,7 to <8,80-89%,0-3
33,4.6,81.1,2.17,4.6,Beginner,AI/ML,8,77.6,55.7,21.9,Pass,Satisfactory,Below 6,80-89%,8-11
34,5.1,89.9,2.48,4.9,Beginner,Web Dev,9,70.4,65.1,5.3,Pass,Satisfactory,Below 6,80-89%,8-11
35,6.2,85.4,2.49,7.0,Advanced,Data Science,4,65.5,75.3,-9.8,Pass,Satisfactory,7 to <8,80-89%,4-7
36,3.1,88.7,3.03,6.0,Beginner,Data Science,3,62.1,59.7,2.4,Pass,Satisfactory,6 to <7,80-89%,0-3
37,2.4,75.1,2.86,8.2,Intermediate,Data Science,5,46.5,57.4,-10.9,Fail,Needs Support,8+,70-79%,4-7
38,6.2,91.0,2.83,6.5,Beginner,AI/ML,9,84.6,74.1,10.5,Pass,High Performer,6 to <7,90%+,8-11
39,3.5,98.3,3.31,4.7,Beginner,Data Science,3,51.4,59.6,-8.2,Fail,Needs Support,Below 6,90%+,0-3
40,8.4,72.3,3.17,5.4,Advanced,AI/ML,5,81.6,80.9,0.7,Pass,High Performer,Below 6,70-79%,4-7
41,5.8,73.1,3.16,4.0,Intermediate,Web Dev,9,58.6,65.9,-7.3,Fail,Needs Support,Below 6,70-79%,8-11
42,10.2,95.4,3.2,6.5,Advanced,Web Dev,6,93.0,97.6,-4.6,Pass,High Performer,6 to <7,90%+,4-7
43,8.7,80.1,3.31,6.6,Beginner,Data Science,2,93.7,81.1,12.6,Pass,High Performer,6 to <7,80-89%,0-3
44,4.4,96.0,2.0,6.3,Intermediate,Cloud,7,67.2,66.3,0.9,Pass,Satisfactory,6 to <7,90%+,4-7
45,10.2,77.6,2.82,8.0,Advanced,Web Dev,2,84.1,88.8,-4.7,Pass,High Performer,8+,70-79%,0-3
46,9.9,96.6,2.0,8.1,Beginner,Data Science,10,76.2,86.0,-9.8,Pass,Satisfactory,8+,90%+,8-11
47,5.3,83.3,3.02,6.6,Beginner,Data Science,2,51.4,67.3,-15.9,Fail,Needs Support,6 to <7,80-89%,0-3
48,4.2,84.6,3.0,4.5,Advanced,Cloud,7,53.9,64.5,-10.6,Fail,Needs Support,Below 6,80-89%,4-7
49,8.5,97.6,3.52,7.5,Beginner,Data Science,7,88.9,87.9,1.0,Pass,High Performer,7 to <8,90%+,4-7
50,2.5,78.4,3.59,7.4,Intermediate,Data Science,2,70.0,61.7,8.3,Pass,Satisfactory,7 to <8,70-79%,0-3
51,3.2,72.6,3.1,7.1,Advanced,Data Science,7,61.8,66.6,-4.8,Pass,Satisfactory,7 to <8,70-79%,4-7
52,1.1,77.5,2.75,7.9,Beginner,Cloud,6,63.5,50.2,13.3,Pass,Satisfactory,7 to <8,70-79%,4-7
53,9.7,86.5,3.24,5.5,Beginner,Web Dev,4,79.1,85.2,-6.1,Pass,Satisfactory,Below 6,80-89%,4-7
54,8.3,66.3,2.74,9.0,Beginner,Cloud,2,67.1,69.1,-2.0,Pass,Satisfactory,8+,Below 70%,0-3
55,8.8,88.4,3.0,5.7,Beginner,Web Dev,11,76.9,86.0,-9.1,Pass,Satisfactory,Below 6,80-89%,8-11
56,9.6,76.6,3.49,7.6,Beginner,Cloud,4,93.8,85.4,8.4,Pass,High Performer,7 to <8,70-79%,4-7
57,6.0,93.5,2.72,4.9,Intermediate,Web Dev,6,89.4,71.5,17.9,Pass,High Performer,Below 6,90%+,4-7
58,7.3,58.1,3.4,5.8,Beginner,Web Dev,8,60.0,75.0,-15.0,Pass,Satisfactory,Below 6,Below 70%,8-11
59,2.5,74.1,3.34,8.5,Intermediate,Web Dev,3,55.4,58.3,-2.9,Fail,Needs Support,8+,70-79%,0-3
60,2.3,65.1,2.52,6.5,Beginner,AI/ML,4,60.3,49.5,10.8,Pass,Satisfactory,6 to <7,Below 70%,4-7
61,8.4,73.7,3.49,7.7,Beginner,AI/ML,7,68.8,81.1,-12.3,Pass,Satisfactory,7 to <8,70-79%,4-7
62,6.2,84.5,3.35,7.1,Beginner,Web Dev,8,82.0,77.2,4.8,Pass,High Performer,7 to <8,80-89%,8-11
63,7.2,80.2,3.05,6.7,Intermediate,AI/ML,2,86.0,75.7,10.3,Pass,High Performer,6 to <7,80-89%,0-3
64,9.4,79.5,2.62,8.3,Intermediate,AI/ML,3,81.1,80.5,0.6,Pass,High Performer,8+,70-79%,0-3
65,8.0,80.4,2.57,6.5,Beginner,Data Science,9,83.8,79.1,4.7,Pass,High Performer,6 to <7,80-89%,8-11
66,7.1,84.0,2.73,4.8,Advanced,Cloud,5,89.3,74.3,15.0,Pass,High Performer,Below 6,80-89%,4-7
67,7.2,71.9,3.27,5.9,Intermediate,Data Science,3,92.6,76.1,16.5,Pass,High Performer,Below 6,70-79%,0-3
68,4.3,89.1,2.52,7.4,Beginner,Web Dev,8,65.9,66.4,-0.5,Pass,Satisfactory,7 to <8,80-89%,8-11
69,1.3,88.6,3.22,7.2,Advanced,AI/ML,12,60.2,64.8,-4.6,Pass,Satisfactory,7 to <8,80-89%,12-14
70,5.8,85.9,2.38,5.1,Beginner,Cloud,6,56.7,64.5,-7.8,Fail,Needs Support,Below 6,80-89%,4-7
71,3.4,87.6,2.9,6.0,Beginner,Web Dev,9,72.6,64.3,8.3,Pass,Satisfactory,6 to <7,80-89%,8-11
72,5.5,85.0,3.05,6.2,Intermediate,AI/ML,0,56.5,68.2,-11.7,Fail,Needs Support,6 to <7,80-89%,0-3
73,10.4,100.0,4.0,6.4,Beginner,Cloud,14,99.9,100.0,-0.1,Pass,High Performer,6 to <7,90%+,12-14
74,3.6,81.1,2.31,5.3,Beginner,Cloud,7,57.2,56.3,0.9,Fail,Needs Support,Below 6,80-89%,4-7
75,1.6,78.9,3.74,6.1,Intermediate,AI/ML,4,53.9,58.2,-4.3,Fail,Needs Support,6 to <7,70-79%,4-7
76,4.1,74.5,3.07,6.0,Beginner,Data Science,2,62.7,60.3,2.4,Pass,Satisfactory,6 to <7,70-79%,0-3
77,4.2,71.7,3.21,7.6,Intermediate,AI/ML,7,88.2,66.4,21.8,Pass,High Performer,7 to <8,70-79%,4-7
78,8.3,69.6,3.06,7.7,Advanced,Data Science,6,83.0,84.0,-1.0,Pass,High Performer,7 to <8,Below 70%,4-7
79,7.1,73.1,3.22,6.6,Intermediate,Web Dev,11,78.9,82.6,-3.7,Pass,Satisfactory,6 to <7,70-79%,8-11
80,9.6,81.3,2.92,6.4,Intermediate,Web Dev,10,99.8,91.2,8.6,Pass,High Performer,6 to <7,80-89%,8-11
81,8.3,85.3,3.73,7.0,Intermediate,Data Science,7,91.2,89.2,2.0,Pass,High Performer,7 to <8,80-89%,4-7
82,5.5,82.5,2.77,5.9,Advanced,Web Dev,11,89.5,77.2,12.3,Pass,High Performer,Below 6,80-89%,8-11
83,10.0,74.3,3.57,5.5,Beginner,Data Science,5,87.2,85.8,1.4,Pass,High Performer,Below 6,70-79%,4-7
84,2.8,91.0,2.68,5.8,Beginner,AI/ML,5,54.3,56.5,-2.2,Fail,Needs Support,Below 6,90%+,4-7
85,1.2,89.4,2.97,6.1,Intermediate,Cloud,2,39.2,54.4,-15.2,Fail,Needs Support,6 to <7,80-89%,0-3
86,2.0,80.4,2.46,5.5,Intermediate,Cloud,4,38.9,52.7,-13.8,Fail,Needs Support,Below 6,80-89%,4-7
87,8.9,75.5,3.23,7.0,Beginner,AI/ML,9,68.2,83.8,-15.6,Pass,Satisfactory,7 to <8,70-79%,8-11
88,6.1,87.5,3.72,7.6,Intermediate,Data Science,8,84.7,81.4,3.3,Pass,High Performer,7 to <8,80-89%,8-11
89,2.8,83.9,2.96,5.1,Beginner,AI/ML,6,43.1,54.7,-11.6,Fail,Needs Support,Below 6,80-89%,4-7
90,6.5,67.5,2.9,6.8,Advanced,AI/ML,5,85.0,74.3,10.7,Pass,High Performer,6 to <7,Below 70%,4-7
91,2.7,81.3,2.44,6.6,Beginner,Web Dev,4,56.1,55.8,0.3,Fail,Needs Support,6 to <7,80-89%,4-7
92,8.7,84.6,2.89,7.2,Beginner,Cloud,5,79.3,81.4,-2.1,Pass,Satisfactory,7 to <8,80-89%,4-7
93,5.9,73.0,2.2,6.8,Beginner,Cloud,4,57.1,64.3,-7.2,Fail,Needs Support,6 to <7,70-79%,4-7
94,5.2,83.9,2.54,5.2,Beginner,Cloud,7,69.0,63.7,5.3,Pass,Satisfactory,Below 6,80-89%,4-7
95,4.3,67.5,3.11,5.4,Beginner,Cloud,8,54.8,61.6,-6.8,Fail,Needs Support,Below 6,Below 70%,8-11
96,7.9,95.4,3.66,6.8,Beginner,Cloud,4,75.4,83.7,-8.3,Pass,Satisfactory,6 to <7,90%+,4-7
97,5.0,94.5,4.0,7.9,Beginner,Web Dev,4,84.5,74.4,10.1,Pass,High Performer,7 to <8,90%+,4-7
98,2.0,79.5,2.71,4.4,Beginner,Cloud,5,49.3,46.3,3.0,Fail,Needs Support,Below 6,70-79%,4-7
99,2.3,85.6,3.72,7.2,Beginner,Data Science,4,59.4,61.4,-2.0,Fail,Needs Support,7 to <8,80-89%,4-7
100,11.6,57.9,3.12,8.1,Beginner,AI/ML,3,90.3,84.9,5.4,Pass,High Performer,8+,Below 70%,0-3
101,11.0,70.4,2.92,6.6,Beginner,Data Science,4,87.4,87.3,0.1,Pass,High Performer,6 to <7,70-79%,4-7
102,8.7,79.1,3.22,7.4,Beginner,AI/ML,14,90.0,86.7,3.3,Pass,High Performer,7 to <8,70-79%,12-14
103,3.9,71.3,3.03,6.0,Beginner,AI/ML,12,56.8,63.8,-7.0,Fail,Needs Support,6 to <7,70-79%,12-14
104,11.7,89.1,3.06,6.7,Beginner,Web Dev,7,100.0,96.7,3.3,Pass,High Performer,6 to <7,80-89%,4-7
105,9.6,100.0,2.8,5.0,Beginner,Web Dev,5,78.8,83.7,-4.9,Pass,Satisfactory,Below 6,90%+,4-7
106,8.9,70.2,2.3,4.2,Intermediate,AI/ML,6,83.2,70.0,13.2,Pass,High Performer,Below 6,70-79%,4-7
107,5.9,73.6,2.23,7.8,Advanced,Cloud,5,68.4,70.0,-1.6,Pass,Satisfactory,7 to <8,70-79%,4-7
108,4.0,84.4,3.33,5.7,Advanced,Data Science,8,78.7,71.8,6.9,Pass,Satisfactory,Below 6,80-89%,8-11
109,2.1,98.1,2.86,6.3,Intermediate,Data Science,7,69.2,63.0,6.2,Pass,Satisfactory,6 to <7,90%+,4-7
110,10.9,69.8,2.7,5.3,Intermediate,AI/ML,9,97.0,87.2,9.8,Pass,High Performer,Below 6,Below 70%,8-11
111,6.0,84.5,3.0,5.2,Beginner,AI/ML,2,57.9,65.0,-7.1,Fail,Needs Support,Below 6,80-89%,0-3
112,3.2,100.0,3.4,6.6,Intermediate,Web Dev,6,79.7,70.6,9.1,Pass,Satisfactory,6 to <7,90%+,4-7
113,4.4,65.5,3.09,6.0,Intermediate,Cloud,3,78.7,63.0,15.7,Pass,Satisfactory,6 to <7,Below 70%,0-3
114,7.4,69.2,2.67,7.2,Advanced,Web Dev,7,78.0,80.2,-2.2,Pass,Satisfactory,7 to <8,Below 70%,4-7
115,2.9,77.8,3.61,7.3,Advanced,Data Science,4,67.4,67.1,0.3,Pass,Satisfactory,7 to <8,70-79%,4-7
116,10.4,76.8,3.79,7.2,Beginner,Data Science,7,88.4,92.8,-4.4,Pass,High Performer,7 to <8,70-79%,4-7
117,9.3,90.1,3.25,7.1,Intermediate,Data Science,8,89.1,92.0,-2.9,Pass,High Performer,7 to <8,90%+,8-11
118,8.9,84.4,3.49,8.5,Intermediate,Cloud,5,100.0,85.7,14.3,Pass,High Performer,8+,80-89%,4-7
119,5.8,64.3,3.62,5.6,Beginner,AI/ML,9,61.1,69.7,-8.6,Pass,Satisfactory,Below 6,Below 70%,8-11
120,7.9,87.2,3.57,6.7,Advanced,Cloud,6,80.4,88.4,-8.0,Pass,High Performer,6 to <7,80-89%,4-7
121,7.4,76.2,3.31,8.0,Beginner,Data Science,3,88.8,75.1,13.7,Pass,High Performer,8+,70-79%,0-3
122,8.1,94.7,3.3,8.2,Advanced,Cloud,8,94.3,89.0,5.3,Pass,High Performer,8+,90%+,8-11
123,1.9,75.7,3.26,5.2,Intermediate,Data Science,4,73.0,54.9,18.1,Pass,Satisfactory,Below 6,70-79%,4-7
124,5.6,75.6,2.45,6.5,Beginner,Cloud,0,58.3,62.1,-3.8,Fail,Needs Support,6 to <7,70-79%,0-3
125,1.5,87.4,3.35,8.3,Intermediate,Cloud,6,59.8,58.7,1.1,Fail,Needs Support,8+,80-89%,4-7
126,6.4,89.6,2.32,7.4,Beginner,AI/ML,6,64.5,70.1,-5.6,Pass,Satisfactory,7 to <8,80-89%,4-7
127,4.6,86.5,2.6,7.0,Intermediate,Cloud,7,70.2,69.0,1.2,Pass,Satisfactory,7 to <8,80-89%,4-7
128,2.6,65.1,3.65,6.6,Intermediate,Data Science,6,47.4,62.4,-15.0,Fail,Needs Support,6 to <7,Below 70%,4-7
129,2.1,87.4,3.42,6.4,Intermediate,AI/ML,10,70.3,64.5,5.8,Pass,Satisfactory,6 to <7,80-89%,8-11
130,7.5,71.7,3.74,7.1,Advanced,Cloud,7,88.4,85.6,2.8,Pass,High Performer,7 to <8,70-79%,4-7
131,2.9,84.4,2.86,6.5,Beginner,AI/ML,8,59.4,59.8,-0.4,Fail,Needs Support,6 to <7,80-89%,8-11
132,11.2,67.8,2.42,6.8,Beginner,Data Science,5,82.4,85.7,-3.3,Pass,High Performer,6 to <7,Below 70%,4-7
133,7.4,86.5,2.88,6.9,Beginner,Web Dev,3,68.9,76.5,-7.6,Pass,Satisfactory,6 to <7,80-89%,0-3
134,4.8,73.9,3.05,6.1,Beginner,Web Dev,5,71.6,65.5,6.1,Pass,Satisfactory,6 to <7,70-79%,4-7
135,7.5,69.2,3.04,7.4,Beginner,Cloud,8,66.5,76.5,-10.0,Pass,Satisfactory,7 to <8,Below 70%,8-11
136,1.3,89.1,3.57,9.0,Beginner,AI/ML,5,56.4,52.1,4.3,Fail,Needs Support,8+,80-89%,4-7
137,11.5,84.4,2.82,4.8,Beginner,AI/ML,4,100.0,84.4,15.6,Pass,High Performer,Below 6,80-89%,4-7
138,6.3,75.9,3.18,7.2,Beginner,Web Dev,4,85.1,72.5,12.6,Pass,High Performer,7 to <8,70-79%,4-7
139,9.6,96.5,2.51,6.0,Advanced,AI/ML,2,73.7,86.5,-12.8,Pass,Satisfactory,6 to <7,90%+,0-3
140,1.9,77.6,3.23,7.4,Beginner,Cloud,5,51.3,55.8,-4.5,Fail,Needs Support,7 to <8,70-79%,4-7
141,6.4,82.3,3.0,6.9,Advanced,Cloud,7,83.2,79.6,3.6,Pass,High Performer,6 to <7,80-89%,4-7
142,6.4,84.7,2.63,7.6,Beginner,Web Dev,3,70.0,70.6,-0.6,Pass,Satisfactory,7 to <8,80-89%,0-3
143,11.3,75.8,2.88,8.1,Beginner,Data Science,4,76.1,88.0,-11.9,Pass,Satisfactory,8+,70-79%,4-7
144,7.3,86.7,2.91,7.0,Intermediate,AI/ML,6,82.5,79.2,3.3,Pass,High Performer,7 to <8,80-89%,4-7
145,6.2,76.7,2.86,8.0,Beginner,Data Science,5,69.5,69.6,-0.1,Pass,Satisfactory,8+,70-79%,4-7
146,3.9,77.9,3.89,4.2,Beginner,AI/ML,5,73.4,57.1,16.3,Pass,Satisfactory,Below 6,70-79%,4-7
147,4.6,95.6,2.95,8.5,Intermediate,AI/ML,8,67.4,69.6,-2.2,Pass,Satisfactory,8+,90%+,8-11
148,6.7,71.6,2.88,7.2,Beginner,AI/ML,7,81.5,71.5,10.0,Pass,High Performer,7 to <8,70-79%,4-7
149,5.8,57.9,2.0,8.0,Beginner,Data Science,8,51.2,62.0,-10.8,Fail,Needs Support,8+,Below 70%,8-11
150,1.2,98.1,2.55,5.5,Intermediate,AI/ML,8,46.3,55.1,-8.8,Fail,Needs Support,Below 6,90%+,8-11
151,10.1,100.0,2.87,5.9,Beginner,AI/ML,9,95.9,89.8,6.1,Pass,High Performer,Below 6,90%+,8-11
152,10.9,77.9,2.66,7.0,Intermediate,Cloud,8,100.0,92.3,7.7,Pass,High Performer,7 to <8,70-79%,8-11
153,2.5,62.6,3.69,6.8,Beginner,Data Science,4,49.5,57.6,-8.1,Fail,Needs Support,6 to <7,Below 70%,4-7
154,7.1,78.9,2.92,7.1,Advanced,AI/ML,8,81.0,80.8,0.2,Pass,High Performer,7 to <8,70-79%,8-11
155,2.2,79.1,3.64,8.0,Intermediate,Cloud,2,47.7,59.5,-11.8,Fail,Needs Support,8+,70-79%,0-3
156,8.4,80.1,3.03,4.9,Advanced,Cloud,7,80.3,81.9,-1.6,Pass,High Performer,Below 6,80-89%,4-7
157,4.1,70.9,3.02,7.9,Advanced,Web Dev,7,76.0,68.9,7.1,Pass,Satisfactory,7 to <8,70-79%,4-7
158,8.3,87.8,2.96,6.8,Beginner,Data Science,11,81.5,85.2,-3.7,Pass,High Performer,6 to <7,80-89%,8-11
159,9.0,87.2,3.0,6.6,Intermediate,AI/ML,12,87.9,90.0,-2.1,Pass,High Performer,6 to <7,80-89%,12-14
160,9.5,67.1,3.86,5.2,Beginner,Data Science,3,72.0,81.6,-9.6,Pass,Satisfactory,Below 6,Below 70%,0-3
161,2.2,89.0,2.0,7.4,Intermediate,Web Dev,6,51.9,57.4,-5.5,Fail,Needs Support,7 to <8,80-89%,4-7
162,11.1,100.0,2.0,4.1,Intermediate,Data Science,3,96.3,81.4,14.9,Pass,High Performer,Below 6,90%+,0-3
163,3.5,83.7,2.73,7.5,Beginner,Web Dev,7,63.3,62.7,0.6,Pass,Satisfactory,7 to <8,80-89%,4-7
164,1.4,78.6,3.01,5.2,Advanced,AI/ML,2,43.5,52.0,-8.5,Fail,Needs Support,Below 6,70-79%,0-3
165,7.1,80.6,3.35,6.9,Beginner,Cloud,7,75.6,78.3,-2.7,Pass,Satisfactory,6 to <7,80-89%,4-7
166,5.1,88.2,3.24,6.7,Intermediate,AI/ML,3,57.3,70.8,-13.5,Fail,Needs Support,6 to <7,80-89%,0-3
167,10.1,64.7,2.81,8.1,Intermediate,Cloud,12,80.1,88.7,-8.6,Pass,High Performer,8+,Below 70%,12-14
168,9.9,83.6,3.51,6.6,Beginner,Cloud,5,100.0,88.8,11.2,Pass,High Performer,6 to <7,80-89%,4-7
169,4.5,78.1,3.52,6.0,Intermediate,Cloud,6,68.8,70.0,-1.2,Pass,Satisfactory,6 to <7,70-79%,4-7
170,11.5,100.0,3.09,6.2,Intermediate,Web Dev,3,100.0,98.0,2.0,Pass,High Performer,6 to <7,90%+,0-3
171,4.2,80.3,3.48,8.2,Beginner,Cloud,6,64.7,65.6,-0.9,Pass,Satisfactory,8+,80-89%,4-7
172,6.7,98.7,3.14,7.4,Intermediate,Web Dev,4,80.7,81.0,-0.3,Pass,High Performer,7 to <8,90%+,4-7
173,3.8,71.0,2.72,6.4,Beginner,AI/ML,5,63.4,57.9,5.5,Pass,Satisfactory,6 to <7,70-79%,4-7
174,11.3,87.9,3.35,6.5,Intermediate,Cloud,3,73.0,95.7,-22.7,Pass,Satisfactory,6 to <7,80-89%,0-3
175,2.8,85.2,3.06,5.1,Beginner,Data Science,5,58.1,56.3,1.8,Fail,Needs Support,Below 6,80-89%,4-7
176,1.5,73.3,3.0,7.2,Advanced,Data Science,6,58.7,59.1,-0.4,Fail,Needs Support,7 to <8,70-79%,4-7
177,5.8,83.8,3.74,4.9,Advanced,AI/ML,9,89.3,76.7,12.6,Pass,High Performer,Below 6,80-89%,8-11
178,11.9,94.1,2.0,7.6,Beginner,Cloud,3,97.2,89.0,8.2,Pass,High Performer,7 to <8,90%+,0-3
179,10.8,78.8,2.29,6.9,Beginner,Data Science,6,76.7,86.3,-9.6,Pass,Satisfactory,6 to <7,70-79%,4-7
180,9.2,65.1,2.41,9.0,Intermediate,AI/ML,6,85.7,75.2,10.5,Pass,High Performer,8+,Below 70%,4-7
181,10.8,81.8,2.82,5.6,Intermediate,Cloud,12,91.6,93.8,-2.2,Pass,High Performer,Below 6,80-89%,12-14
182,10.8,73.0,2.87,6.7,Beginner,Web Dev,4,79.6,87.3,-7.7,Pass,Satisfactory,6 to <7,70-79%,4-7
183,6.7,78.6,2.25,8.8,Beginner,Web Dev,6,68.9,67.3,1.6,Pass,Satisfactory,8+,70-79%,4-7
184,4.5,81.2,2.51,8.1,Beginner,Data Science,4,59.6,61.3,-1.7,Fail,Needs Support,8+,80-89%,4-7
185,9.5,64.9,2.57,6.0,Advanced,Cloud,10,99.7,86.6,13.1,Pass,High Performer,6 to <7,Below 70%,8-11
186,8.3,65.8,4.0,7.0,Intermediate,Web Dev,1,86.4,83.5,2.9,Pass,High Performer,7 to <8,Below 70%,0-3
187,5.1,86.8,3.9,6.8,Advanced,Web Dev,8,83.6,81.8,1.8,Pass,High Performer,6 to <7,80-89%,8-11
188,2.0,76.8,2.79,7.1,Intermediate,Web Dev,9,68.2,60.5,7.7,Pass,Satisfactory,7 to <8,70-79%,8-11
189,9.2,56.4,2.82,6.0,Advanced,Cloud,5,91.2,81.9,9.3,Pass,High Performer,6 to <7,Below 70%,4-7
190,3.9,89.8,2.43,6.7,Beginner,Web Dev,4,68.7,62.0,6.7,Pass,Satisfactory,6 to <7,80-89%,4-7
191,11.3,84.7,2.05,5.0,Beginner,AI/ML,1,90.8,78.7,12.1,Pass,High Performer,Below 6,80-89%,0-3
192,3.7,74.9,2.94,6.9,Advanced,Cloud,5,71.5,66.3,5.2,Pass,Satisfactory,6 to <7,70-79%,4-7
193,2.4,68.8,2.5,7.3,Advanced,Web Dev,8,62.2,60.8,1.4,Pass,Satisfactory,7 to <8,Below 70%,8-11
194,10.1,90.4,2.96,6.5,Beginner,Data Science,7,100.0,89.7,10.3,Pass,High Performer,6 to <7,90%+,4-7
195,2.7,85.5,2.2,5.0,Beginner,AI/ML,7,50.1,50.9,-0.8,Fail,Needs Support,Below 6,80-89%,4-7
196,3.0,100.0,2.62,7.9,Intermediate,Cloud,4,63.0,62.7,0.3,Pass,Satisfactory,7 to <8,90%+,4-7
197,7.6,86.2,3.07,7.2,Beginner,AI/ML,5,92.1,77.4,14.7,Pass,High Performer,7 to <8,80-89%,4-7
198,10.6,85.9,3.18,6.0,Beginner,AI/ML,7,100.0,89.5,10.5,Pass,High Performer,6 to <7,80-89%,4-7
199,3.2,80.3,3.21,6.5,Advanced,Web Dev,8,69.5,69.5,0.0,Pass,Satisfactory,6 to <7,80-89%,8-11
200,4.4,90.2,2.34,5.1,Beginner,Data Science,5,55.8,59.6,-3.8,Fail,Needs Support,Below 6,90%+,4-7
201,9.6,88.3,3.43,5.7,Intermediate,Cloud,7,100.0,90.7,9.3,Pass,High Performer,Below 6,80-89%,4-7
202,11.7,94.5,2.6,6.2,Beginner,Web Dev,3,99.0,92.1,6.9,Pass,High Performer,6 to <7,90%+,0-3
203,6.5,76.8,3.32,8.2,Beginner,AI/ML,3,72.5,69.9,2.6,Pass,Satisfactory,8+,70-79%,0-3
204,2.6,77.6,2.99,6.1,Intermediate,Cloud,5,56.8,59.5,-2.7,Fail,Needs Support,6 to <7,70-79%,4-7
205,1.2,77.2,2.31,7.5,Beginner,Web Dev,3,50.7,47.9,2.8,Fail,Needs Support,7 to <8,70-79%,0-3
206,3.5,89.9,2.84,6.2,Intermediate,AI/ML,5,63.5,63.7,-0.2,Pass,Satisfactory,6 to <7,80-89%,4-7
207,2.5,97.0,3.18,7.1,Beginner,Data Science,5,56.6,62.2,-5.6,Fail,Needs Support,7 to <8,90%+,4-7
208,8.5,77.4,3.31,6.6,Advanced,AI/ML,6,87.5,86.4,1.1,Pass,High Performer,6 to <7,70-79%,4-7
209,2.3,77.8,2.93,7.8,Intermediate,AI/ML,6,60.2,57.9,2.3,Pass,Satisfactory,7 to <8,70-79%,4-7
210,6.6,85.1,3.77,6.2,Advanced,AI/ML,3,77.4,80.6,-3.2,Pass,Satisfactory,6 to <7,80-89%,0-3
211,8.6,79.5,3.5,5.1,Beginner,Web Dev,6,88.4,80.7,7.7,Pass,High Performer,Below 6,70-79%,4-7
212,7.4,91.5,2.87,5.3,Beginner,Data Science,7,87.1,76.2,10.9,Pass,High Performer,Below 6,90%+,4-7
213,3.2,59.5,3.38,6.2,Beginner,Data Science,9,68.9,60.7,8.2,Pass,Satisfactory,6 to <7,Below 70%,8-11
214,9.8,73.7,3.97,5.4,Intermediate,Data Science,6,88.0,90.3,-2.3,Pass,High Performer,Below 6,70-79%,4-7
215,8.9,74.2,3.98,7.3,Beginner,Web Dev,6,93.8,87.4,6.4,Pass,High Performer,7 to <8,70-79%,4-7
216,9.1,58.8,2.39,6.3,Beginner,Cloud,5,75.5,74.9,0.6,Pass,Satisfactory,6 to <7,Below 70%,4-7
217,2.4,72.4,2.54,9.0,Beginner,Web Dev,5,39.2,49.7,-10.5,Fail,Needs Support,8+,70-79%,4-7
218,2.4,72.8,3.74,4.9,Beginner,Data Science,5,60.8,55.1,5.7,Pass,Satisfactory,Below 6,70-79%,4-7
219,11.2,80.0,2.47,7.0,Beginner,AI/ML,4,87.4,86.2,1.2,Pass,High Performer,7 to <8,80-89%,4-7
220,5.4,93.1,2.34,5.6,Beginner,Cloud,10,90.7,68.6,22.1,Pass,High Performer,Below 6,90%+,8-11
221,4.3,79.5,2.76,6.3,Beginner,Web Dev,6,76.5,64.1,12.4,Pass,Satisfactory,6 to <7,70-79%,4-7
222,6.4,71.7,3.21,7.0,Intermediate,Web Dev,2,80.0,73.9,6.1,Pass,High Performer,7 to <8,70-79%,0-3
223,8.3,81.4,2.95,4.2,Beginner,AI/ML,7,73.0,70.9,2.1,Pass,Satisfactory,Below 6,80-89%,4-7
224,11.5,92.5,2.67,7.1,Beginner,Web Dev,2,92.8,91.4,1.4,Pass,High Performer,7 to <8,90%+,0-3
225,4.2,72.2,2.66,8.9,Intermediate,Web Dev,5,52.1,60.6,-8.5,Fail,Needs Support,8+,70-79%,4-7
226,11.2,72.9,2.64,6.3,Intermediate,Data Science,8,77.5,92.3,-14.8,Pass,Satisfactory,6 to <7,70-79%,8-11
227,1.3,87.6,2.56,7.1,Beginner,Cloud,7,46.0,53.4,-7.4,Fail,Needs Support,7 to <8,80-89%,4-7
228,7.1,79.8,4.0,7.9,Intermediate,Web Dev,3,81.6,82.0,-0.4,Pass,High Performer,7 to <8,70-79%,0-3
229,8.0,88.5,3.15,6.6,Advanced,Cloud,13,73.5,91.4,-17.9,Pass,Satisfactory,6 to <7,80-89%,12-14
230,2.2,81.9,3.44,6.2,Intermediate,Cloud,5,56.7,61.3,-4.6,Fail,Needs Support,6 to <7,80-89%,4-7
231,2.5,89.0,2.76,4.3,Advanced,Cloud,8,55.0,57.1,-2.1,Fail,Needs Support,Below 6,80-89%,8-11
232,5.6,71.6,2.91,7.5,Intermediate,Data Science,7,69.9,71.8,-1.9,Pass,Satisfactory,7 to <8,70-79%,4-7
233,11.6,81.9,2.64,6.7,Beginner,Data Science,7,86.7,92.3,-5.6,Pass,High Performer,6 to <7,80-89%,4-7
234,7.6,79.9,2.0,5.7,Beginner,Data Science,5,67.4,70.3,-2.9,Pass,Satisfactory,Below 6,70-79%,4-7
235,11.3,69.8,2.31,6.9,Intermediate,Data Science,4,100.0,88.3,11.7,Pass,High Performer,6 to <7,Below 70%,4-7
236,9.8,66.4,2.09,6.2,Advanced,Cloud,4,87.7,82.1,5.6,Pass,High Performer,6 to <7,Below 70%,4-7
237,6.1,88.9,2.0,6.2,Intermediate,Web Dev,0,63.0,67.7,-4.7,Pass,Satisfactory,6 to <7,80-89%,0-3
238,9.6,78.5,2.4,7.5,Beginner,AI/ML,5,79.3,79.8,-0.5,Pass,Satisfactory,7 to <8,70-79%,4-7
239,1.2,71.8,3.66,5.3,Intermediate,Web Dev,5,54.9,55.2,-0.3,Fail,Needs Support,Below 6,70-79%,4-7
240,2.2,81.0,2.98,8.0,Beginner,Cloud,6,49.5,56.0,-6.5,Fail,Needs Support,8+,80-89%,4-7
241,10.1,93.3,3.65,5.3,Intermediate,AI/ML,6,85.1,91.7,-6.6,Pass,High Performer,Below 6,90%+,4-7
242,9.8,59.2,3.21,6.1,Intermediate,Data Science,4,92.9,84.3,8.6,Pass,High Performer,6 to <7,Below 70%,4-7
243,3.6,67.0,3.39,8.9,Intermediate,Cloud,4,55.9,59.5,-3.6,Fail,Needs Support,8+,Below 70%,4-7
244,6.8,72.8,2.55,8.0,Advanced,Cloud,4,64.6,73.9,-9.3,Pass,Satisfactory,8+,70-79%,4-7
245,7.7,96.6,3.26,6.9,Intermediate,Web Dev,8,87.4,87.8,-0.4,Pass,High Performer,6 to <7,90%+,8-11
246,10.5,84.8,3.36,5.8,Intermediate,Cloud,10,96.3,95.3,1.0,Pass,High Performer,Below 6,80-89%,8-11
247,7.6,89.7,2.71,6.2,Intermediate,Cloud,3,61.5,78.2,-16.7,Pass,Satisfactory,6 to <7,80-89%,0-3
248,5.5,70.6,3.28,6.9,Advanced,Web Dev,7,76.1,76.4,-0.3,Pass,Satisfactory,6 to <7,70-79%,4-7
249,5.1,70.8,3.28,6.8,Advanced,Data Science,5,80.5,73.1,7.4,Pass,High Performer,6 to <7,70-79%,4-7
250,5.7,86.5,2.73,6.7,Beginner,AI/ML,4,71.6,67.8,3.8,Pass,Satisfactory,6 to <7,80-89%,4-7
251,8.2,82.6,2.44,6.8,Intermediate,Data Science,7,100.0,81.5,18.5,Pass,High Performer,6 to <7,80-89%,4-7
252,10.5,87.5,2.41,6.6,Beginner,AI/ML,5,95.8,85.1,10.7,Pass,High Performer,6 to <7,80-89%,4-7
253,6.0,80.1,3.04,5.2,Advanced,Web Dev,4,85.5,73.2,12.3,Pass,High Performer,Below 6,80-89%,4-7
254,3.7,84.8,3.16,6.2,Intermediate,Web Dev,4,90.3,66.5,23.8,Pass,High Performer,6 to <7,80-89%,4-7
255,3.6,83.6,2.6,7.8,Beginner,Web Dev,8,69.0,62.5,6.5,Pass,Satisfactory,7 to <8,80-89%,8-11
256,9.2,89.8,3.01,5.3,Beginner,Web Dev,9,86.6,85.2,1.4,Pass,High Performer,Below 6,80-89%,8-11
257,10.0,90.1,3.29,6.6,Beginner,Data Science,3,96.8,88.5,8.3,Pass,High Performer,6 to <7,90%+,0-3
258,2.2,65.8,3.31,5.9,Intermediate,AI/ML,2,49.2,54.0,-4.8,Fail,Needs Support,Below 6,Below 70%,0-3
259,1.7,59.5,3.78,6.9,Beginner,Web Dev,4,55.9,55.0,0.9,Fail,Needs Support,6 to <7,Below 70%,4-7
260,7.5,92.0,3.64,6.4,Beginner,Data Science,10,80.0,85.5,-5.5,Pass,High Performer,6 to <7,90%+,8-11
261,2.6,93.9,2.5,8.4,Advanced,Data Science,5,65.1,61.7,3.4,Pass,Satisfactory,8+,90%+,4-7
262,10.1,71.8,3.84,7.4,Intermediate,Data Science,5,87.0,92.6,-5.6,Pass,High Performer,7 to <8,70-79%,4-7
263,4.4,63.4,2.73,5.4,Beginner,Cloud,11,55.3,61.2,-5.9,Fail,Needs Support,Below 6,Below 70%,8-11
264,2.6,83.0,3.52,7.5,Beginner,AI/ML,8,65.4,61.9,3.5,Pass,Satisfactory,7 to <8,80-89%,8-11
265,11.1,91.3,3.03,5.9,Advanced,Cloud,8,97.4,98.6,-1.2,Pass,High Performer,Below 6,90%+,8-11
266,2.8,100.0,2.79,6.2,Intermediate,Web Dev,3,47.0,63.4,-16.4,Fail,Needs Support,6 to <7,90%+,0-3
267,4.1,87.2,2.1,7.1,Intermediate,Data Science,4,50.8,63.2,-12.4,Fail,Needs Support,7 to <8,80-89%,4-7
268,2.7,78.3,2.91,6.3,Beginner,Cloud,5,47.2,57.0,-9.8,Fail,Needs Support,6 to <7,70-79%,4-7
269,2.3,73.1,2.22,7.8,Beginner,Cloud,5,43.2,50.7,-7.5,Fail,Needs Support,7 to <8,70-79%,4-7
270,1.2,82.1,3.48,5.9,Beginner,Data Science,4,57.5,54.0,3.5,Fail,Needs Support,Below 6,80-89%,4-7
271,1.6,79.0,3.76,6.1,Intermediate,Data Science,6,63.0,61.1,1.9,Pass,Satisfactory,6 to <7,70-79%,4-7
272,2.9,71.8,2.6,6.1,Beginner,AI/ML,7,63.9,54.8,9.1,Pass,Satisfactory,6 to <7,70-79%,4-7
273,1.6,100.0,3.15,6.2,Beginner,Data Science,5,64.9,58.5,6.4,Pass,Satisfactory,6 to <7,90%+,4-7
274,7.5,99.9,2.64,8.0,Intermediate,Data Science,9,92.5,83.4,9.1,Pass,High Performer,8+,90%+,8-11
275,8.5,93.4,2.69,7.5,Advanced,Cloud,5,91.7,86.5,5.2,Pass,High Performer,7 to <8,90%+,4-7
276,5.3,72.8,3.39,8.7,Intermediate,AI/ML,10,72.6,70.8,1.8,Pass,Satisfactory,8+,70-79%,8-11
277,4.5,90.6,2.98,9.0,Intermediate,Web Dev,6,76.5,67.1,9.4,Pass,Satisfactory,8+,90%+,4-7
278,6.5,88.4,3.87,5.7,Intermediate,Data Science,8,90.2,82.4,7.8,Pass,High Performer,Below 6,80-89%,8-11
279,10.6,86.4,2.76,6.9,Beginner,Web Dev,7,93.8,90.6,3.2,Pass,High Performer,6 to <7,80-89%,4-7
280,10.4,94.5,3.5,5.5,Beginner,Web Dev,7,100.0,92.6,7.4,Pass,High Performer,Below 6,90%+,4-7
281,1.5,88.4,3.05,5.9,Intermediate,AI/ML,9,38.9,58.8,-19.9,Fail,Needs Support,Below 6,80-89%,8-11
282,3.0,89.4,3.4,6.1,Beginner,Data Science,5,60.4,62.9,-2.5,Pass,Satisfactory,6 to <7,80-89%,4-7
283,3.6,88.4,2.78,5.6,Intermediate,Web Dev,5,61.3,63.9,-2.6,Pass,Satisfactory,Below 6,80-89%,4-7
284,3.7,85.4,2.98,5.6,Advanced,Web Dev,3,75.8,66.0,9.8,Pass,Satisfactory,Below 6,80-89%,0-3
285,7.3,64.2,2.94,6.6,Advanced,Web Dev,3,90.8,77.5,13.3,Pass,High Performer,6 to <7,Below 70%,0-3
286,5.6,82.8,2.58,5.5,Beginner,Cloud,6,53.4,65.7,-12.3,Fail,Needs Support,Below 6,80-89%,4-7
287,1.5,76.4,3.33,7.7,Beginner,Data Science,6,67.4,55.4,12.0,Pass,Satisfactory,7 to <8,70-79%,4-7
288,5.1,69.2,3.33,5.8,Beginner,Web Dev,5,56.5,66.4,-9.9,Fail,Needs Support,Below 6,Below 70%,4-7
289,6.8,98.8,3.3,9.0,Beginner,Web Dev,3,64.4,74.1,-9.7,Pass,Satisfactory,8+,90%+,0-3
290,2.1,99.3,3.77,6.3,Beginner,Data Science,5,61.6,63.6,-2.0,Pass,Satisfactory,6 to <7,90%+,4-7
291,10.2,95.6,3.72,6.9,Beginner,AI/ML,4,89.2,91.9,-2.7,Pass,High Performer,6 to <7,90%+,4-7
292,1.6,84.6,2.81,5.4,Intermediate,Data Science,7,42.6,55.9,-13.3,Fail,Needs Support,Below 6,80-89%,4-7
293,11.2,95.5,3.19,8.7,Intermediate,AI/ML,8,100.0,95.2,4.8,Pass,High Performer,8+,90%+,8-11
294,2.1,82.1,2.69,8.0,Advanced,Cloud,7,66.2,60.5,5.7,Pass,Satisfactory,8+,80-89%,4-7
295,10.3,84.0,3.01,7.1,Beginner,AI/ML,2,94.0,85.0,9.0,Pass,High Performer,7 to <8,80-89%,0-3
296,10.9,71.1,2.7,5.3,Beginner,Data Science,7,81.0,84.7,-3.7,Pass,High Performer,Below 6,70-79%,4-7
297,11.8,86.0,3.81,7.0,Beginner,Web Dev,5,98.9,99.2,-0.3,Pass,High Performer,7 to <8,80-89%,4-7
298,9.8,82.6,3.18,5.6,Beginner,Cloud,6,84.9,85.1,-0.2,Pass,High Performer,Below 6,80-89%,4-7
299,9.6,69.0,2.89,8.4,Beginner,Cloud,5,94.0,79.6,14.4,Pass,High Performer,8+,Below 70%,4-7
300,8.1,81.5,3.6,7.7,Advanced,Data Science,3,62.3,86.4,-24.1,Pass,Satisfactory,7 to <8,80-89%,0-3
301,9.6,81.2,2.0,6.9,Beginner,AI/ML,7,71.7,79.8,-8.1,Pass,Satisfactory,6 to <7,80-89%,4-7
302,2.5,100.0,2.0,4.1,Beginner,Web Dev,6,48.2,48.1,0.1,Fail,Needs Support,Below 6,90%+,4-7
303,6.9,90.9,3.4,5.7,Intermediate,Cloud,4,69.6,78.8,-9.2,Pass,Satisfactory,Below 6,90%+,4-7
304,6.7,82.1,3.03,7.6,Intermediate,Data Science,9,77.6,79.8,-2.2,Pass,Satisfactory,7 to <8,80-89%,8-11
305,10.4,84.5,3.13,8.1,Intermediate,Web Dev,8,92.6,93.7,-1.1,Pass,High Performer,8+,80-89%,8-11
306,6.1,82.4,2.34,8.0,Beginner,AI/ML,7,61.8,67.4,-5.6,Pass,Satisfactory,8+,80-89%,4-7
307,5.2,80.0,2.99,5.0,Intermediate,AI/ML,7,67.0,66.5,0.5,Pass,Satisfactory,Below 6,80-89%,4-7
308,8.0,71.2,4.0,7.1,Beginner,Cloud,6,88.0,82.6,5.4,Pass,High Performer,7 to <8,70-79%,4-7
309,3.9,80.5,3.41,7.9,Beginner,Data Science,6,63.3,65.3,-2.0,Pass,Satisfactory,7 to <8,80-89%,4-7
310,2.5,74.5,3.08,5.0,Intermediate,Data Science,4,51.3,55.2,-3.9,Fail,Needs Support,Below 6,70-79%,4-7
311,6.3,69.5,2.78,6.8,Advanced,Data Science,9,76.0,77.4,-1.4,Pass,Satisfactory,6 to <7,Below 70%,8-11
312,5.6,87.1,2.8,7.1,Beginner,AI/ML,5,68.6,68.6,0.0,Pass,Satisfactory,7 to <8,80-89%,4-7
313,3.6,85.9,2.0,6.5,Intermediate,AI/ML,1,42.0,56.8,-14.8,Fail,Needs Support,6 to <7,80-89%,0-3
314,5.0,64.1,3.13,4.8,Beginner,Web Dev,7,65.4,61.4,4.0,Pass,Satisfactory,Below 6,Below 70%,4-7
315,5.0,80.8,3.42,6.4,Beginner,Cloud,7,66.4,70.3,-3.9,Pass,Satisfactory,6 to <7,80-89%,4-7
316,4.6,92.0,2.21,6.4,Beginner,AI/ML,3,71.7,61.0,10.7,Pass,Satisfactory,6 to <7,90%+,0-3
317,5.2,92.6,2.67,6.6,Intermediate,AI/ML,1,72.7,67.7,5.0,Pass,Satisfactory,6 to <7,90%+,0-3
318,8.5,92.3,2.42,6.2,Beginner,Web Dev,4,89.2,79.3,9.9,Pass,High Performer,6 to <7,90%+,4-7
319,4.3,82.4,2.52,6.3,Intermediate,Web Dev,3,55.9,64.5,-8.6,Fail,Needs Support,6 to <7,80-89%,0-3
320,11.4,73.5,3.03,6.8,Beginner,Data Science,10,90.8,94.0,-3.2,Pass,High Performer,6 to <7,70-79%,8-11
321,11.1,71.2,2.0,7.3,Advanced,Web Dev,5,79.2,89.8,-10.6,Pass,Satisfactory,7 to <8,70-79%,4-7
322,6.3,85.4,3.31,6.5,Advanced,Web Dev,2,72.9,78.9,-6.0,Pass,Satisfactory,6 to <7,80-89%,0-3
323,4.6,85.8,3.38,6.3,Beginner,Data Science,3,77.9,67.2,10.7,Pass,Satisfactory,6 to <7,80-89%,0-3
324,6.9,94.9,2.87,6.9,Beginner,AI/ML,6,88.7,76.1,12.6,Pass,High Performer,6 to <7,90%+,4-7
325,10.3,93.0,2.0,4.7,Beginner,AI/ML,3,66.3,76.1,-9.8,Pass,Satisfactory,Below 6,90%+,0-3
326,8.2,80.7,2.5,7.3,Advanced,AI/ML,3,75.9,79.8,-3.9,Pass,Satisfactory,7 to <8,80-89%,0-3
327,9.8,69.6,3.62,6.8,Beginner,Cloud,1,83.2,83.9,-0.7,Pass,High Performer,6 to <7,Below 70%,0-3
328,6.9,78.8,2.0,6.8,Intermediate,AI/ML,7,77.1,72.1,5.0,Pass,Satisfactory,6 to <7,70-79%,4-7
329,8.0,84.2,2.83,7.9,Beginner,Data Science,4,62.3,77.3,-15.0,Pass,Satisfactory,7 to <8,80-89%,4-7
330,4.2,80.0,2.41,4.7,Intermediate,Cloud,6,44.9,58.5,-13.6,Fail,Needs Support,Below 6,80-89%,4-7
331,9.1,76.2,3.4,4.6,Intermediate,Data Science,4,84.4,80.2,4.2,Pass,High Performer,Below 6,70-79%,4-7
332,3.2,84.5,2.66,7.1,Intermediate,AI/ML,9,47.3,63.9,-16.6,Fail,Needs Support,7 to <8,80-89%,8-11
333,8.6,77.0,3.2,6.8,Advanced,Data Science,6,84.0,87.8,-3.8,Pass,High Performer,6 to <7,70-79%,4-7
334,10.5,75.7,3.28,7.0,Beginner,AI/ML,13,94.2,92.8,1.4,Pass,High Performer,7 to <8,70-79%,12-14
335,2.5,85.1,3.92,6.3,Advanced,AI/ML,5,70.8,67.2,3.6,Pass,Satisfactory,6 to <7,80-89%,4-7
336,7.8,78.0,2.9,7.5,Beginner,Data Science,8,77.7,79.0,-1.3,Pass,Satisfactory,7 to <8,70-79%,8-11
337,2.0,84.4,3.19,7.8,Intermediate,AI/ML,5,55.6,58.7,-3.1,Fail,Needs Support,7 to <8,80-89%,4-7
338,9.0,84.7,2.26,7.3,Advanced,Web Dev,6,93.5,86.3,7.2,Pass,High Performer,7 to <8,80-89%,4-7
339,1.9,70.6,3.6,6.5,Intermediate,AI/ML,4,60.1,57.7,2.4,Pass,Satisfactory,6 to <7,70-79%,4-7
340,11.3,77.2,2.62,4.5,Intermediate,Web Dev,6,80.4,85.9,-5.5,Pass,High Performer,Below 6,70-79%,4-7
341,2.5,96.4,2.72,7.6,Beginner,AI/ML,5,58.1,57.8,0.3,Fail,Needs Support,7 to <8,90%+,4-7
342,11.5,70.4,2.99,8.1,Beginner,Data Science,8,94.2,90.9,3.3,Pass,High Performer,8+,70-79%,8-11
343,9.8,60.8,2.22,7.5,Beginner,Cloud,4,91.3,76.6,14.7,Pass,High Performer,7 to <8,Below 70%,4-7
344,7.5,63.4,3.11,5.8,Intermediate,Web Dev,5,83.0,76.3,6.7,Pass,High Performer,Below 6,Below 70%,4-7
345,9.6,82.3,3.48,7.5,Intermediate,Data Science,11,100.0,94.6,5.4,Pass,High Performer,7 to <8,80-89%,8-11
346,9.7,82.3,3.15,7.7,Beginner,AI/ML,8,81.3,86.5,-5.2,Pass,High Performer,7 to <8,80-89%,8-11
347,11.4,80.8,2.21,8.5,Beginner,Web Dev,5,81.4,85.8,-4.4,Pass,High Performer,8+,80-89%,4-7
348,3.8,94.1,2.94,5.8,Beginner,Web Dev,7,63.5,65.5,-2.0,Pass,Satisfactory,Below 6,90%+,4-7
349,7.5,55.3,3.37,6.6,Beginner,Web Dev,6,74.0,75.2,-1.2,Pass,Satisfactory,6 to <7,Below 70%,4-7
350,2.0,86.0,2.06,7.6,Beginner,Web Dev,7,45.2,53.8,-8.6,Fail,Needs Support,7 to <8,80-89%,4-7
351,7.8,97.6,2.46,6.9,Advanced,AI/ML,6,94.1,83.4,10.7,Pass,High Performer,6 to <7,90%+,4-7
352,2.9,70.7,3.44,5.6,Intermediate,AI/ML,5,66.8,59.3,7.5,Pass,Satisfactory,Below 6,70-79%,4-7
353,7.2,78.2,3.14,7.3,Beginner,Data Science,3,72.3,74.9,-2.6,Pass,Satisfactory,7 to <8,70-79%,0-3
354,7.3,74.5,3.21,7.4,Intermediate,Web Dev,6,85.8,80.3,5.5,Pass,High Performer,7 to <8,70-79%,4-7
355,6.1,73.1,3.93,6.9,Advanced,Web Dev,11,87.0,85.1,1.9,Pass,High Performer,6 to <7,70-79%,8-11
356,6.7,78.7,3.23,7.0,Beginner,Web Dev,6,82.2,76.1,6.1,Pass,High Performer,7 to <8,70-79%,4-7
357,9.4,96.3,3.33,6.5,Beginner,Data Science,7,78.7,90.1,-11.4,Pass,Satisfactory,6 to <7,90%+,4-7
358,9.8,100.0,4.0,8.4,Beginner,AI/ML,7,91.1,92.3,-1.2,Pass,High Performer,8+,90%+,4-7
359,6.4,78.6,2.89,5.8,Beginner,Data Science,3,68.6,69.1,-0.5,Pass,Satisfactory,Below 6,70-79%,0-3
360,7.6,100.0,2.6,6.2,Intermediate,Web Dev,5,87.2,81.9,5.3,Pass,High Performer,6 to <7,90%+,4-7
361,11.2,82.4,3.21,6.8,Advanced,Web Dev,4,92.6,98.0,-5.4,Pass,High Performer,6 to <7,80-89%,4-7
362,2.3,99.5,3.22,7.8,Beginner,Cloud,6,40.3,61.6,-21.3,Fail,Needs Support,7 to <8,90%+,4-7
363,2.3,81.1,2.74,5.2,Intermediate,Web Dev,0,43.5,52.7,-9.2,Fail,Needs Support,Below 6,80-89%,0-3
364,2.0,83.3,2.48,5.4,Beginner,Web Dev,8,53.1,53.6,-0.5,Fail,Needs Support,Below 6,80-89%,8-11
365,8.2,85.7,4.0,4.6,Intermediate,Web Dev,7,84.7,84.2,0.5,Pass,High Performer,Below 6,80-89%,4-7
366,5.6,100.0,3.16,6.8,Intermediate,Cloud,4,90.6,76.3,14.3,Pass,High Performer,6 to <7,90%+,4-7
367,9.5,90.5,2.63,5.6,Beginner,Data Science,6,88.1,83.1,5.0,Pass,High Performer,Below 6,90%+,4-7
368,8.4,74.9,3.46,6.4,Beginner,Data Science,5,82.2,81.5,0.7,Pass,High Performer,6 to <7,70-79%,4-7
369,4.7,91.7,2.95,7.5,Intermediate,Cloud,4,69.7,69.9,-0.2,Pass,Satisfactory,7 to <8,90%+,4-7
370,10.9,78.4,2.87,6.1,Advanced,Web Dev,8,100.0,96.0,4.0,Pass,High Performer,6 to <7,70-79%,8-11
371,9.4,77.1,3.28,7.1,Beginner,Cloud,8,81.6,86.6,-5.0,Pass,High Performer,7 to <8,70-79%,8-11
372,4.0,91.1,2.35,6.5,Beginner,Web Dev,10,64.7,65.9,-1.2,Pass,Satisfactory,6 to <7,90%+,8-11
373,5.0,82.3,3.18,7.5,Beginner,Data Science,4,58.7,68.0,-9.3,Fail,Needs Support,7 to <8,80-89%,4-7
374,4.5,84.8,3.96,7.3,Intermediate,AI/ML,6,85.7,73.6,12.1,Pass,High Performer,7 to <8,80-89%,4-7
375,2.7,82.1,3.23,6.0,Intermediate,AI/ML,5,64.1,60.8,3.3,Pass,Satisfactory,6 to <7,80-89%,4-7
376,2.6,85.4,2.81,6.6,Intermediate,Cloud,2,52.8,58.8,-6.0,Fail,Needs Support,6 to <7,80-89%,0-3
377,11.3,86.2,2.75,7.9,Intermediate,Web Dev,9,95.6,96.5,-0.9,Pass,High Performer,7 to <8,80-89%,8-11
378,5.8,62.6,2.79,7.2,Advanced,Cloud,10,78.7,74.4,4.3,Pass,Satisfactory,7 to <8,Below 70%,8-11
379,5.2,88.7,2.87,5.3,Intermediate,AI/ML,4,64.7,66.8,-2.1,Pass,Satisfactory,Below 6,80-89%,4-7
380,9.0,72.2,2.81,7.5,Beginner,Data Science,7,76.7,81.3,-4.6,Pass,Satisfactory,7 to <8,70-79%,4-7
381,7.1,67.6,3.46,5.6,Intermediate,Cloud,4,69.6,75.2,-5.6,Pass,Satisfactory,Below 6,Below 70%,4-7
382,11.3,81.4,2.13,8.4,Beginner,Web Dev,8,90.3,87.4,2.9,Pass,High Performer,8+,80-89%,8-11
383,9.6,82.8,3.43,7.9,Beginner,Cloud,4,82.7,85.7,-3.0,Pass,High Performer,7 to <8,80-89%,4-7
384,6.3,75.1,2.81,7.1,Advanced,Data Science,6,72.9,76.7,-3.8,Pass,Satisfactory,7 to <8,70-79%,4-7
385,5.1,90.3,3.19,7.0,Intermediate,Data Science,3,61.2,72.6,-11.4,Pass,Satisfactory,7 to <8,90%+,0-3
386,11.9,68.6,2.44,6.6,Advanced,Web Dev,4,94.5,93.9,0.6,Pass,High Performer,6 to <7,Below 70%,4-7
387,8.9,77.9,3.66,7.5,Beginner,Data Science,6,84.2,85.8,-1.6,Pass,High Performer,7 to <8,70-79%,4-7
388,11.5,76.2,3.62,6.4,Intermediate,Data Science,6,95.3,98.0,-2.7,Pass,High Performer,6 to <7,70-79%,4-7
389,2.3,81.5,3.48,7.1,Intermediate,AI/ML,6,63.9,62.2,1.7,Pass,Satisfactory,7 to <8,80-89%,4-7
390,10.4,84.8,2.24,7.8,Beginner,Web Dev,5,91.2,84.8,6.4,Pass,High Performer,7 to <8,80-89%,4-7
391,8.0,71.9,3.41,6.2,Beginner,Web Dev,10,88.5,82.6,5.9,Pass,High Performer,6 to <7,70-79%,8-11
392,2.3,89.2,3.2,6.1,Intermediate,Cloud,6,67.0,62.3,4.7,Pass,Satisfactory,6 to <7,80-89%,4-7
393,7.5,82.6,2.2,5.5,Beginner,Web Dev,5,69.3,71.3,-2.0,Pass,Satisfactory,Below 6,80-89%,4-7
394,8.5,63.1,2.99,5.6,Advanced,Data Science,7,77.3,82.1,-4.8,Pass,Satisfactory,Below 6,Below 70%,4-7
395,1.1,62.4,3.18,4.8,Beginner,Cloud,4,34.7,43.6,-8.9,Fail,Needs Support,Below 6,Below 70%,4-7
396,6.0,81.9,3.28,7.6,Beginner,Web Dev,9,70.8,75.9,-5.1,Pass,Satisfactory,7 to <8,80-89%,8-11
397,10.1,79.8,3.09,8.8,Intermediate,Web Dev,4,86.7,86.5,0.2,Pass,High Performer,8+,70-79%,4-7
398,4.2,81.0,3.15,8.4,Beginner,Data Science,4,55.9,62.6,-6.7,Fail,Needs Support,8+,80-89%,4-7
399,6.0,81.7,3.74,5.0,Advanced,Web Dev,9,80.3,79.5,0.8,Pass,High Performer,Below 6,80-89%,8-11
400,5.9,84.3,3.61,7.6,Intermediate,Data Science,10,72.6,80.8,-8.2,Pass,Satisfactory,7 to <8,80-89%,8-11
401,4.3,91.5,2.0,8.4,Beginner,Data Science,5,45.5,59.6,-14.1,Fail,Needs Support,8+,90%+,4-7
402,11.1,70.9,2.84,6.3,Intermediate,Data Science,5,97.6,90.6,7.0,Pass,High Performer,6 to <7,70-79%,4-7
403,9.6,70.3,2.92,6.9,Intermediate,AI/ML,2,78.3,82.3,-4.0,Pass,Satisfactory,6 to <7,70-79%,0-3
404,2.2,71.1,2.12,4.6,Intermediate,Data Science,11,43.8,50.9,-7.1,Fail,Needs Support,Below 6,70-79%,8-11
405,12.0,84.9,3.05,7.1,Intermediate,Data Science,4,88.4,97.7,-9.3,Pass,High Performer,7 to <8,80-89%,4-7
406,10.7,94.4,3.62,5.6,Intermediate,Web Dev,11,100.0,100.0,0.0,Pass,High Performer,Below 6,90%+,8-11
407,4.1,77.7,2.46,7.0,Intermediate,Data Science,6,76.2,64.5,11.7,Pass,Satisfactory,7 to <8,70-79%,4-7
408,10.2,57.0,3.17,5.1,Beginner,Cloud,11,79.6,83.1,-3.5,Pass,Satisfactory,Below 6,Below 70%,8-11
409,2.2,65.0,2.54,7.4,Intermediate,Data Science,7,54.0,55.8,-1.8,Fail,Needs Support,7 to <8,Below 70%,4-7
410,12.0,73.7,2.66,7.9,Advanced,AI/ML,6,100.0,94.9,5.1,Pass,High Performer,7 to <8,70-79%,4-7
411,8.3,76.4,3.74,5.9,Intermediate,AI/ML,7,69.3,84.7,-15.4,Pass,Satisfactory,Below 6,70-79%,4-7
412,8.2,77.9,2.73,5.5,Intermediate,Web Dev,6,96.2,79.5,16.7,Pass,High Performer,Below 6,70-79%,4-7
413,2.0,82.4,3.23,4.4,Beginner,Web Dev,5,71.3,50.5,20.8,Pass,Satisfactory,Below 6,80-89%,4-7
414,10.9,78.9,2.06,6.5,Intermediate,Web Dev,7,66.4,89.4,-23.0,Pass,Satisfactory,6 to <7,70-79%,4-7
415,1.3,92.5,3.93,6.2,Advanced,Cloud,5,64.1,65.0,-0.9,Pass,Satisfactory,6 to <7,90%+,4-7
416,3.6,75.2,3.3,5.1,Beginner,Web Dev,4,52.5,58.6,-6.1,Fail,Needs Support,Below 6,70-79%,4-7
417,2.6,73.4,2.91,7.3,Beginner,Cloud,6,54.5,56.8,-2.3,Fail,Needs Support,7 to <8,70-79%,4-7
418,9.5,86.8,3.29,6.3,Intermediate,Web Dev,3,85.5,89.1,-3.6,Pass,High Performer,6 to <7,80-89%,0-3
419,3.2,66.6,2.3,5.6,Intermediate,AI/ML,6,61.3,54.4,6.9,Pass,Satisfactory,Below 6,Below 70%,4-7
420,11.0,85.9,3.59,6.2,Intermediate,AI/ML,5,94.3,95.3,-1.0,Pass,High Performer,6 to <7,80-89%,4-7
421,8.2,83.0,2.84,8.0,Beginner,AI/ML,6,69.7,77.4,-7.7,Pass,Satisfactory,8+,80-89%,4-7
422,1.4,80.5,2.9,7.5,Beginner,Cloud,4,50.5,52.0,-1.5,Fail,Needs Support,7 to <8,80-89%,4-7
423,1.1,97.9,2.75,6.7,Intermediate,Cloud,4,61.0,56.6,4.4,Pass,Satisfactory,6 to <7,90%+,4-7
424,1.6,75.8,2.71,7.5,Intermediate,Cloud,6,45.1,55.2,-10.1,Fail,Needs Support,7 to <8,70-79%,4-7
425,7.7,100.0,3.35,5.5,Intermediate,Web Dev,8,72.3,86.3,-14.0,Pass,Satisfactory,Below 6,90%+,8-11
426,9.8,79.7,3.13,6.8,Intermediate,Data Science,2,100.0,87.4,12.6,Pass,High Performer,6 to <7,70-79%,0-3
427,3.6,69.2,3.33,7.0,Intermediate,Web Dev,7,61.2,66.7,-5.5,Pass,Satisfactory,7 to <8,Below 70%,4-7
428,10.3,82.7,3.0,6.3,Intermediate,Cloud,5,89.0,90.1,-1.1,Pass,High Performer,6 to <7,80-89%,4-7
429,1.6,71.2,3.26,7.3,Intermediate,AI/ML,6,53.0,56.4,-3.4,Fail,Needs Support,7 to <8,70-79%,4-7
430,9.8,74.5,2.79,5.9,Intermediate,AI/ML,4,87.8,83.1,4.7,Pass,High Performer,Below 6,70-79%,4-7
431,11.2,86.0,4.0,7.4,Intermediate,Web Dev,4,100.0,100.0,0.0,Pass,High Performer,7 to <8,80-89%,4-7
432,9.5,87.6,2.22,7.4,Beginner,Web Dev,5,87.3,82.4,4.9,Pass,High Performer,7 to <8,80-89%,4-7
433,8.7,75.8,3.63,4.0,Beginner,Web Dev,6,62.0,74.9,-12.9,Pass,Satisfactory,Below 6,70-79%,4-7
434,10.2,91.9,3.68,8.1,Intermediate,Cloud,7,83.8,95.5,-11.7,Pass,High Performer,8+,90%+,4-7
435,1.4,93.6,2.57,4.0,Advanced,Cloud,7,46.8,50.2,-3.4,Fail,Needs Support,Below 6,90%+,4-7
436,3.2,96.4,4.0,6.1,Intermediate,Cloud,5,68.3,70.6,-2.3,Pass,Satisfactory,6 to <7,90%+,4-7
437,2.4,87.3,3.5,7.9,Beginner,Web Dev,10,49.8,64.5,-14.7,Fail,Needs Support,7 to <8,80-89%,8-11
438,6.5,95.6,3.49,6.5,Intermediate,Data Science,3,87.1,80.2,6.9,Pass,High Performer,6 to <7,90%+,0-3
439,9.2,63.2,3.01,5.2,Beginner,Web Dev,7,69.2,78.4,-9.2,Pass,Satisfactory,Below 6,Below 70%,4-7
440,7.9,78.8,2.89,5.6,Intermediate,Data Science,3,89.9,77.2,12.7,Pass,High Performer,Below 6,70-79%,0-3
441,10.4,73.3,2.9,7.9,Intermediate,AI/ML,10,100.0,90.1,9.9,Pass,High Performer,7 to <8,70-79%,8-11
442,2.7,83.2,3.2,4.7,Intermediate,AI/ML,5,53.8,55.9,-2.1,Fail,Needs Support,Below 6,80-89%,4-7
443,9.1,76.3,3.7,8.0,Intermediate,Data Science,7,92.9,89.2,3.7,Pass,High Performer,8+,70-79%,4-7
444,3.1,80.3,3.09,6.7,Beginner,Web Dev,6,51.4,61.9,-10.5,Fail,Needs Support,6 to <7,80-89%,4-7
445,4.0,100.0,2.54,5.5,Beginner,AI/ML,5,66.4,61.1,5.3,Pass,Satisfactory,Below 6,90%+,4-7
446,8.8,80.3,3.41,6.2,Advanced,Data Science,3,83.4,87.6,-4.2,Pass,High Performer,6 to <7,80-89%,0-3
447,11.8,86.1,3.46,5.7,Intermediate,Web Dev,7,90.6,99.8,-9.2,Pass,High Performer,Below 6,80-89%,4-7
448,7.7,79.7,3.33,7.8,Intermediate,Cloud,4,78.1,80.6,-2.5,Pass,Satisfactory,7 to <8,70-79%,4-7
449,1.6,82.8,3.37,7.6,Beginner,AI/ML,1,48.6,52.6,-4.0,Fail,Needs Support,7 to <8,80-89%,0-3
450,7.8,82.1,2.86,4.9,Beginner,Cloud,6,70.2,72.9,-2.7,Pass,Satisfactory,Below 6,80-89%,4-7
451,1.5,86.5,2.54,6.4,Beginner,Data Science,2,58.8,50.7,8.1,Fail,Needs Support,6 to <7,80-89%,0-3
452,10.7,93.7,2.57,5.9,Beginner,Data Science,5,81.5,88.2,-6.7,Pass,High Performer,Below 6,90%+,4-7
453,8.8,98.5,2.18,8.2,Beginner,Data Science,5,94.3,79.6,14.7,Pass,High Performer,8+,90%+,4-7
454,2.9,85.1,3.12,5.3,Advanced,Cloud,4,50.9,62.2,-11.3,Fail,Needs Support,Below 6,80-89%,4-7
455,2.0,87.9,2.96,8.6,Intermediate,Data Science,8,73.2,59.4,13.8,Pass,Satisfactory,8+,80-89%,8-11
456,3.0,70.5,2.78,6.8,Beginner,AI/ML,6,47.5,56.1,-8.6,Fail,Needs Support,6 to <7,70-79%,4-7
457,11.8,81.1,2.0,5.5,Beginner,Web Dev,2,84.4,84.4,0.0,Pass,High Performer,Below 6,80-89%,0-3
458,6.0,91.4,2.38,6.1,Beginner,Data Science,4,64.5,68.7,-4.2,Pass,Satisfactory,6 to <7,90%+,4-7
459,9.6,90.7,3.56,5.9,Intermediate,Web Dev,2,87.2,90.1,-2.9,Pass,High Performer,Below 6,90%+,0-3
460,8.0,84.1,2.67,5.4,Beginner,Web Dev,5,82.4,75.6,6.8,Pass,High Performer,Below 6,80-89%,4-7
461,7.3,90.9,3.18,6.9,Intermediate,Web Dev,5,95.5,82.8,12.7,Pass,High Performer,6 to <7,90%+,4-7
462,2.6,86.9,2.3,5.4,Intermediate,Data Science,3,65.0,54.9,10.1,Pass,Satisfactory,Below 6,80-89%,0-3
463,11.4,94.0,3.72,4.4,Beginner,Web Dev,10,90.8,94.2,-3.4,Pass,High Performer,Below 6,90%+,8-11
464,4.3,84.9,2.93,6.4,Intermediate,Data Science,2,67.7,66.1,1.6,Pass,Satisfactory,6 to <7,80-89%,0-3
465,7.4,78.4,3.15,4.8,Advanced,Cloud,3,68.6,75.3,-6.7,Pass,Satisfactory,Below 6,70-79%,0-3
466,8.7,85.4,4.0,6.0,Beginner,Cloud,10,81.0,89.4,-8.4,Pass,High Performer,6 to <7,80-89%,8-11
467,8.1,55.0,3.76,5.8,Beginner,AI/ML,7,66.9,76.7,-9.8,Pass,Satisfactory,Below 6,Below 70%,4-7
468,11.3,85.8,2.85,5.8,Advanced,Data Science,9,94.5,98.3,-3.8,Pass,High Performer,Below 6,80-89%,8-11
469,2.6,55.0,2.7,9.0,Advanced,Data Science,3,53.8,51.7,2.1,Fail,Needs Support,8+,Below 70%,0-3
470,6.6,64.8,2.84,6.9,Intermediate,AI/ML,8,57.1,73.3,-16.2,Fail,Needs Support,6 to <7,Below 70%,8-11
471,5.4,86.5,3.25,7.1,Intermediate,Data Science,4,73.5,73.9,-0.4,Pass,Satisfactory,7 to <8,80-89%,4-7
472,6.2,86.8,2.95,4.8,Beginner,Web Dev,5,81.0,68.1,12.9,Pass,High Performer,Below 6,80-89%,4-7
473,2.3,70.4,2.8,6.1,Intermediate,Cloud,5,65.5,56.0,9.5,Pass,Satisfactory,6 to <7,70-79%,4-7
474,2.5,74.9,3.73,7.0,Intermediate,Web Dev,4,58.8,63.7,-4.9,Fail,Needs Support,7 to <8,70-79%,4-7
475,4.1,95.7,2.94,5.7,Beginner,Cloud,7,53.8,65.7,-11.9,Fail,Needs Support,Below 6,90%+,4-7
476,4.4,77.2,4.0,7.8,Intermediate,Data Science,6,76.8,72.9,3.9,Pass,Satisfactory,7 to <8,70-79%,4-7
477,5.7,100.0,3.05,5.5,Advanced,Web Dev,3,56.7,76.4,-19.7,Fail,Needs Support,Below 6,90%+,0-3
478,7.7,82.0,3.89,6.5,Intermediate,Data Science,7,96.3,86.8,9.5,Pass,High Performer,6 to <7,80-89%,4-7
479,8.0,86.1,3.18,6.2,Beginner,Web Dev,7,80.3,82.1,-1.8,Pass,High Performer,6 to <7,80-89%,4-7
480,5.5,98.2,3.48,7.0,Beginner,Data Science,3,89.7,74.1,15.6,Pass,High Performer,7 to <8,90%+,0-3
481,5.5,83.3,2.64,6.1,Advanced,Data Science,3,56.8,71.5,-14.7,Fail,Needs Support,6 to <7,80-89%,0-3
482,3.4,72.0,2.57,6.5,Advanced,Web Dev,3,69.9,62.1,7.8,Pass,Satisfactory,6 to <7,70-79%,0-3
483,7.5,80.9,3.23,6.5,Intermediate,Web Dev,1,78.2,79.0,-0.8,Pass,Satisfactory,6 to <7,80-89%,0-3
484,4.5,81.6,3.49,6.0,Intermediate,Data Science,6,68.2,71.0,-2.8,Pass,Satisfactory,6 to <7,80-89%,4-7
485,1.4,68.4,3.02,7.3,Intermediate,AI/ML,7,42.8,54.5,-11.7,Fail,Needs Support,7 to <8,Below 70%,4-7
486,5.6,79.4,2.36,7.1,Beginner,Cloud,10,74.2,69.1,5.1,Pass,Satisfactory,7 to <8,70-79%,8-11
487,6.2,74.6,2.32,6.7,Beginner,Data Science,5,73.2,67.4,5.8,Pass,Satisfactory,6 to <7,70-79%,4-7
488,3.5,91.2,2.29,6.3,Beginner,Data Science,8,76.8,61.7,15.1,Pass,Satisfactory,6 to <7,90%+,8-11
489,7.3,82.3,2.12,7.7,Beginner,AI/ML,7,80.0,71.4,8.6,Pass,High Performer,7 to <8,80-89%,4-7
490,7.2,79.2,3.05,6.5,Advanced,Data Science,6,76.8,81.9,-5.1,Pass,Satisfactory,6 to <7,70-79%,4-7
491,8.7,80.9,3.56,6.5,Beginner,Cloud,7,76.7,85.2,-8.5,Pass,Satisfactory,6 to <7,80-89%,4-7
492,8.1,84.2,2.99,6.9,Beginner,Web Dev,14,74.8,86.4,-11.6,Pass,Satisfactory,6 to <7,80-89%,12-14
493,8.2,88.2,2.0,8.7,Intermediate,AI/ML,7,88.1,75.5,12.6,Pass,High Performer,8+,80-89%,4-7
494,4.5,72.0,2.9,5.3,Beginner,Web Dev,5,54.2,60.8,-6.6,Fail,Needs Support,Below 6,70-79%,4-7
495,9.7,71.6,2.92,7.6,Beginner,AI/ML,7,95.4,82.8,12.6,Pass,High Performer,7 to <8,70-79%,4-7
496,7.0,93.0,4.0,4.7,Intermediate,Data Science,8,86.1,81.7,4.4,Pass,High Performer,Below 6,90%+,8-11
497,5.7,77.9,2.27,7.0,Beginner,AI/ML,5,67.3,64.5,2.8,Pass,Satisfactory,7 to <8,70-79%,4-7
498,7.9,67.8,2.8,8.5,Intermediate,Data Science,6,73.7,76.3,-2.6,Pass,Satisfactory,8+,Below 70%,4-7
499,5.0,86.4,3.85,7.3,Advanced,AI/ML,4,82.0,76.4,5.6,Pass,High Performer,7 to <8,80-89%,4-7
500,6.6,86.6,3.22,7.0,Beginner,Web Dev,6,77.0,77.2,-0.2,Pass,Satisfactory,7 to <8,80-89%,4-7
